Strategy,Entry Time,Exit Time,Type,Lots,Entry Price,Exit Price,RR,PnL,Balance
LONDON_BREAKOUT,09/09/2025 06:25,09/09/2025 06:35,BUY,0.02,3638.609,3643.901,2,10.58,510.58
RSI_REVERSION,09/09/2025 13:30,09/09/2025 13:55,SELL,0.01,3663.623,3667.769351,2.91,-4.15,506.44
VWAP_REVERSION,09/09/2025 13:55,09/09/2025 14:00,SELL,0.01,3666.057,3670.121631,4.14,-4.06,502.37
SMC_CHOCH,09/09/2025 22:25,09/09/2025 22:50,SELL,0.01,3624.063,3634.63484,2,-10.57,491.8
RSI_REVERSION,10/09/2025 00:45,10/09/2025 01:50,BUY,0.01,3623.297,3630.321286,1.56,7.02,498.83
SMC_CHOCH,10/09/2025 01:50,10/09/2025 09:45,BUY,0.01,3631.568,3651.584549,2,20.02,518.84
VWAP_REVERSION,10/09/2025 09:45,10/09/2025 19:30,SELL,0.01,3654.331,3636.972713,4.5,17.36,536.2
SMC_FVG,10/09/2025 22:15,11/09/2025 00:00,BUY,0.01,3638.604,3646.302588,2,7.7,543.9
SMC_CHOCH,11/09/2025 01:10,11/09/2025 02:20,BUY,0.01,3646.218,3639.388715,2,-6.83,537.07
VWAP_REVERSION,11/09/2025 03:05,11/09/2025 05:30,BUY,0.01,3632.414,3629.248444,3.19,-3.17,533.9
SMC_CHOCH,11/09/2025 05:55,11/09/2025 06:40,SELL,0.01,3625.068,3636.813573,2,-11.75,522.16
SMC_CHOCH,11/09/2025 08:00,11/09/2025 09:00,BUY,0.01,3631.459,3622.849551,2,-8.61,513.55
SMC_CHOCH,11/09/2025 12:25,11/09/2025 12:30,BUY,0.01,3623.742,3614.161672,2,-9.58,503.97
SMC_CHOCH,11/09/2025 22:10,12/09/2025 00:20,BUY,0.01,3636.818,3631.256397,2,-5.56,498.41
SMC_FVG,12/09/2025 00:40,12/09/2025 01:00,SELL,0.01,3633.666,3639.417775,2,-5.75,492.66
VWAP_REVERSION,12/09/2025 01:35,12/09/2025 02:20,SELL,0.01,3646.061,3649.645428,2.25,-3.58,489.07
SMC_CHOCH,12/09/2025 02:30,12/09/2025 08:50,BUY,0.01,3649.319,3640.992589,2,-8.33,480.74
RSI_REVERSION,12/09/2025 12:30,12/09/2025 13:00,BUY,0.02,3639.234,3645.944929,2.24,13.42,494.17
SMC_FVG,14/09/2025 22:25,15/09/2025 00:00,SELL,0.01,3642.442,3636.547395,2,5.89,500.06
SMC_CHOCH,15/09/2025 00:35,15/09/2025 02:35,SELL,0.01,3633.764,3645.188869,2,-11.42,488.64
VWAP_REVERSION,15/09/2025 12:55,15/09/2025 13:20,SELL,0.02,3650.255,3653.215547,3.34,-5.92,482.71
SMC_FVG,15/09/2025 16:35,16/09/2025 06:45,BUY,0.01,3677.621,3691.812251,2,14.19,496.91
VWAP_REVERSION,16/09/2025 14:20,16/09/2025 14:45,SELL,0.02,3700.201,3688.789019,3.52,22.82,519.73
SMC_CHOCH,16/09/2025 23:00,17/09/2025 01:20,BUY,0.01,3693.302,3688.398323,2,-4.9,514.83
VWAP_REVERSION,17/09/2025 01:30,17/09/2025 01:35,BUY,0.01,3681.792,3679.057302,3.18,-2.73,512.09
SMC_FVG,17/09/2025 02:55,17/09/2025 05:35,BUY,0.01,3682.154,3678.224692,1.7,-3.93,508.16
SMC_CHOCH,17/09/2025 22:10,18/09/2025 05:50,BUY,0.01,3663.359,3649.943893,2,-13.42,494.75
SMC_FVG,18/09/2025 08:05,18/09/2025 08:55,BUY,0.01,3654.982,3665.459184,2,10.48,505.22
SMC_CHOCH,18/09/2025 22:00,19/09/2025 01:05,SELL,0.01,3642.994,3648.043667,2,-5.05,500.17
RSI_REVERSION,19/09/2025 01:05,19/09/2025 01:50,SELL,0.01,3649.776,3640.0835,2.75,9.69,509.87
SMC_FVG,19/09/2025 02:15,19/09/2025 04:05,BUY,0.01,3644.35,3658.13368,2,13.78,523.65
VWAP_REVERSION,19/09/2025 13:55,19/09/2025 14:50,SELL,0.02,3663.239,3666.645931,3.69,-6.81,516.84
SMC_CHOCH,21/09/2025 22:15,22/09/2025 05:40,BUY,0.01,3686.906,3699.250484,2,12.34,529.18
SMC_FVG,22/09/2025 08:55,22/09/2025 12:20,BUY,0.01,3720.403,3715.553938,2,-4.85,524.33
SMC_CHOCH,22/09/2025 12:30,22/09/2025 12:50,SELL,0.01,3716.889,3722.478183,2,-5.59,518.74
SMC_FVG,22/09/2025 13:50,22/09/2025 14:50,SELL,0.01,3720.118,3724.493545,2,-4.38,514.37
SMC_CHOCH,22/09/2025 22:10,23/09/2025 01:05,SELL,0.01,3744.935,3750.898801,2,-5.96,508.4
RSI_REVERSION,23/09/2025 01:10,23/09/2025 01:25,SELL,0.01,3754.592,3748.711571,1.62,5.88,514.28
RSI_REVERSION,23/09/2025 05:30,23/09/2025 05:45,SELL,0.01,3753.836,3757.545062,1.88,-3.71,510.58
VWAP_REVERSION,23/09/2025 08:35,23/09/2025 08:45,SELL,0.01,3767.65,3771.432384,4.65,-3.78,506.79
SMC_CHOCH,23/09/2025 11:10,23/09/2025 11:25,SELL,0.01,3780.363,3788.57111,2,-8.21,498.59
SMC_FVG,23/09/2025 11:50,23/09/2025 13:40,SELL,0.01,3783.729,3788.402138,2,-4.67,493.91
BB_BREAKOUT,23/09/2025 13:50,23/09/2025 13:55,SELL,0.01,3778.598,3783.002016,2,-4.4,489.51
LIQUIDITY_SWEEP,23/09/2025 22:20,24/09/2025 01:25,BUY,0.01,3762.978,3758.300007,2,-4.68,484.83
SMC_CHOCH,24/09/2025 01:40,24/09/2025 03:40,SELL,0.01,3760.084,3765.119952,2,-5.04,479.79
SMC_CHOCH,25/09/2025 00:00,25/09/2025 01:35,BUY,0.01,3745.788,3738.29432,2,-7.49,472.3
SMC_FVG,25/09/2025 01:50,25/09/2025 02:05,BUY,0.01,3735.978,3731.5698,2,-4.41,467.89
RSI_REVERSION,25/09/2025 23:15,26/09/2025 00:00,BUY,0.01,3738.454,3747.946929,1.86,9.49,477.38
SMC_CHOCH,26/09/2025 00:25,26/09/2025 01:05,SELL,0.01,3741.887,3752.757065,2,-10.87,466.51
RSI_REVERSION,26/09/2025 13:05,26/09/2025 13:15,SELL,0.01,3761.621,3765.381118,2.38,-3.76,462.75
VWAP_REVERSION,26/09/2025 13:15,26/09/2025 14:00,SELL,0.01,3762.284,3766.798099,3.21,-4.51,458.24
SMC_FVG,26/09/2025 15:05,26/09/2025 19:30,BUY,0.01,3775.055,3770.17361,2,-4.88,453.36
SMC_CHOCH,28/09/2025 22:55,29/09/2025 00:45,BUY,0.01,3770.583,3785.455078,2,14.87,468.23
VWAP_REVERSION,29/09/2025 04:35,29/09/2025 05:05,SELL,0.01,3806.157,3811.012099,4.51,-4.86,463.38
SMC_FVG,29/09/2025 05:40,29/09/2025 06:15,BUY,0.01,3803.804,3817.879909,2,14.08,477.45
SMC_FVG,29/09/2025 08:20,29/09/2025 11:15,BUY,0.01,3811.392,3822.594302,2,11.2,488.65
SMC_CHOCH,29/09/2025 11:15,29/09/2025 13:00,BUY,0.01,3822.391,3811.110176,2,-11.28,477.37
SMC_OB,29/09/2025 22:15,30/09/2025 00:05,BUY,0.01,3828.616,3839.035987,2,10.42,487.79
RSI_REVERSION,30/09/2025 00:10,30/09/2025 01:00,SELL,0.01,3838.558,3842.881873,1.69,-4.32,483.47
VWAP_REVERSION,30/09/2025 01:20,30/09/2025 03:10,SELL,0.01,3847.402,3851.99465,1.87,-4.59,478.88
SMC_CHOCH,30/09/2025 04:55,30/09/2025 06:50,BUY,0.01,3867.088,3858.574237,2,-8.51,470.36
SMC_OB,30/09/2025 08:30,30/09/2025 08:35,BUY,0.01,3816.636,3810.412589,2.02,-6.22,464.14
SMC_CHOCH,30/09/2025 09:10,30/09/2025 13:45,SELL,0.01,3799.537,3828.549312,2,-29.01,435.13
SMC_FVG,30/09/2025 13:55,30/09/2025 14:05,BUY,0.01,3824.163,3837.231108,2,13.07,448.2
SMC_FVG,30/09/2025 15:15,01/10/2025 01:40,BUY,0.01,3836.278,3865.912571,2,29.63,477.83
SMC_CHOCH,01/10/2025 01:40,01/10/2025 02:50,BUY,0.01,3865.978,3858.832464,2,-7.15,470.68
VWAP_REVERSION,01/10/2025 08:00,01/10/2025 08:15,SELL,0.01,3884.724,3890.373418,3.55,-5.65,465.04
VWAP_REVERSION,01/10/2025 22:20,02/10/2025 01:00,BUY,0.01,3860.173,3855.27694,2.45,-4.9,460.14
SMC_CHOCH,02/10/2025 01:40,02/10/2025 10:20,BUY,0.01,3863.204,3882.139097,2,18.94,479.07
SMC_FVG,02/10/2025 11:25,02/10/2025 12:05,BUY,0.01,3883.6,3891.896945,2,8.3,487.37
SMC_CHOCH,02/10/2025 13:00,02/10/2025 13:50,BUY,0.01,3889.658,3876.707455,2,-12.95,474.42
SMC_CHOCH,02/10/2025 15:35,02/10/2025 16:45,SELL,0.01,3822.981,3845.167674,2,-22.19,452.23
SMC_FVG,02/10/2025 22:10,03/10/2025 03:25,BUY,0.01,3853.29,3840.413936,2,-12.88,439.36
VWAP_REVERSION,03/10/2025 03:25,03/10/2025 05:15,BUY,0.01,3839.924,3854.140443,3.01,14.22,453.57
SMC_OB,05/10/2025 22:20,05/10/2025 23:00,BUY,0.01,3891.86,3916.41516,2,24.56,478.13
RSI_REVERSION,05/10/2025 23:00,06/10/2025 02:00,SELL,0.01,3917.345,3922.534188,4.58,-5.19,472.94
SMC_FVG,06/10/2025 02:20,06/10/2025 04:35,BUY,0.01,3920.703,3935.879565,2,15.18,488.12
SMC_CHOCH,06/10/2025 04:35,06/10/2025 06:05,BUY,0.01,3936.124,3923.324324,2,-12.8,475.32
SMC_FVG,06/10/2025 07:20,06/10/2025 08:00,BUY,0.01,3930.227,3945.297285,2,15.07,490.39
SMC_FVG,06/10/2025 09:20,06/10/2025 10:05,BUY,0.01,3940.035,3933.183162,2,-6.85,483.54
VWAP_REVERSION,06/10/2025 10:35,06/10/2025 12:30,SELL,0.01,3943.558,3928.683791,2.82,14.87,498.41
RSI_REVERSION,06/10/2025 14:30,06/10/2025 15:55,SELL,0.01,3954.601,3960.545335,1.77,-5.94,492.47
VWAP_REVERSION,06/10/2025 22:40,06/10/2025 22:50,SELL,0.01,3963.725,3969.442708,3.4,-5.72,486.75
SMC_CHOCH,06/10/2025 23:30,07/10/2025 01:00,BUY,0.01,3969.707,3958.805184,2,-10.9,475.85
SMC_CHOCH,07/10/2025 02:15,07/10/2025 07:00,BUY,0.01,3963.972,3951.759491,2,-12.21,463.63
VWAP_REVERSION,07/10/2025 22:00,07/10/2025 23:00,SELL,0.01,3986.151,3991.453227,3.18,-5.3,458.33
SMC_CHOCH,07/10/2025 23:45,08/10/2025 04:10,BUY,0.01,3995.478,4020.549983,2,25.07,483.4
SMC_CHOCH,08/10/2025 05:20,08/10/2025 22:05,BUY,0.01,4034.384,4019.120596,2,-15.26,468.14
RSI_REVERSION,08/10/2025 22:05,08/10/2025 23:00,BUY,0.01,4020.34,4014.120856,3.23,-6.22,461.92
SMC_FVG,08/10/2025 23:30,08/10/2025 23:50,SELL,0.01,4017.523,4003.36108,2,14.16,476.08
SMC_CHOCH,09/10/2025 00:20,09/10/2025 16:35,BUY,0.01,4027.151,3994.509818,2,-32.64,443.44
VWAP_REVERSION,09/10/2025 16:50,09/10/2025 17:05,BUY,0.01,3970.495,3962.200659,6.5,-8.29,435.15
SMC_FVG,09/10/2025 22:05,09/10/2025 22:10,BUY,0.01,3975.299,3965.13054,2,-10.17,424.98
SMC_CHOCH,09/10/2025 23:35,10/10/2025 01:40,BUY,0.01,3987.248,3971.084252,2,-16.16,408.82
SMC_CHOCH,10/10/2025 04:10,10/10/2025 05:15,SELL,0.01,3947.954,3974.205654,2,-26.25,382.56
VWAP_REVERSION,10/10/2025 15:20,10/10/2025 16:05,SELL,0.01,4015.21,3983.589179,4.12,31.62,414.18
SMC_CHOCH,12/10/2025 22:05,12/10/2025 23:00,BUY,0.01,4015.314,4046.669034,2,31.36,445.54
SMC_CHOCH,13/10/2025 00:10,13/10/2025 00:40,SELL,0.01,4031.896,4054.456841,2,-22.56,422.98
SMC_FVG,13/10/2025 01:25,13/10/2025 04:15,SELL,0.01,4042.112,4056.830038,2,-14.72,408.26
SMC_CHOCH,13/10/2025 09:10,13/10/2025 13:15,BUY,0.01,4076.227,4089.662002,2,13.44,421.7
SMC_CHOCH,13/10/2025 14:30,13/10/2025 16:15,BUY,0.01,4097.175,4117.036895,2,19.86,441.56
SMC_FVG,13/10/2025 16:25,13/10/2025 17:10,BUY,0.01,4109.959,4102.274112,2,-7.68,433.87
VWAP_REVERSION,13/10/2025 22:00,13/10/2025 23:30,SELL,0.01,4112.951,4118.360497,4.95,-5.41,428.46
RSI_REVERSION,13/10/2025 23:30,13/10/2025 23:50,SELL,0.01,4126.28,4131.920524,2.26,-5.64,422.82
SMC_CHOCH,13/10/2025 23:50,14/10/2025 00:00,BUY,0.01,4126.959,4120.420413,2,-6.54,416.28
SMC_FVG,14/10/2025 00:00,14/10/2025 01:15,BUY,0.01,4121.399,4142.098174,2,20.7,436.98
SMC_FVG,14/10/2025 02:45,14/10/2025 03:25,BUY,0.01,4146.559,4158.849788,2,12.29,449.27
SMC_CHOCH,14/10/2025 03:35,14/10/2025 05:40,BUY,0.01,4161.674,4136.86655,2,-24.81,424.47
SMC_FVG,14/10/2025 07:05,14/10/2025 08:05,BUY,0.01,4104.421,4131.983284,2,27.56,452.03
SMC_CHOCH,14/10/2025 08:05,14/10/2025 12:40,BUY,0.01,4129.999,4109.747367,2,-20.25,431.78
RSI_REVERSION,14/10/2025 12:40,14/10/2025 13:00,BUY,0.01,4109.624,4100.688845,1.68,-8.94,422.84
VWAP_REVERSION,14/10/2025 22:15,15/10/2025 01:00,SELL,0.01,4162.549,4171.338338,3.75,-8.79,414.05
SMC_FVG,15/10/2025 02:30,15/10/2025 06:45,BUY,0.01,4168.445,4196.055456,2,27.61,441.66
SMC_CHOCH,15/10/2025 09:05,15/10/2025 09:20,SELL,0.01,4207.562,4180.071127,2,27.49,469.15
LIQUIDITY_SWEEP,15/10/2025 09:25,16/10/2025 00:25,BUY,0.01,4189.946,4223.064008,2,33.12,502.27
RSI_REVERSION,16/10/2025 00:25,16/10/2025 00:55,SELL,0.01,4223.23,4212.237,1.6,10.99,513.26
SMC_CHOCH,16/10/2025 02:40,16/10/2025 05:30,BUY,0.01,4235.98,4218.772342,2,-17.21,496.06
RSI_REVERSION,16/10/2025 05:30,16/10/2025 05:55,BUY,0.01,4210.705,4203.875909,2.86,-6.83,489.23
VWAP_REVERSION,16/10/2025 14:05,16/10/2025 15:05,SELL,0.01,4260.723,4267.660097,4.23,-6.94,482.29
RSI_REVERSION,16/10/2025 22:25,16/10/2025 23:50,SELL,0.01,4367.767,4377.255157,3.42,-9.49,472.8
LIQUIDITY_SWEEP,17/10/2025 00:00,17/10/2025 01:15,SELL,0.01,4361.334,4330.39625,2,30.94,503.74
LIQUIDITY_SWEEP,17/10/2025 01:45,17/10/2025 03:55,BUY,0.01,4300.473,4364.044,1.95,63.57,567.31
SMC_CHOCH,17/10/2025 03:55,17/10/2025 05:30,BUY,0.01,4366.694,4342.119372,2,-24.57,542.74
BB_BREAKOUT,17/10/2025 10:35,17/10/2025 10:45,SELL,0.01,4323.672,4336.741251,2,-13.07,529.67
SMC_CHOCH,17/10/2025 11:40,17/10/2025 14:00,SELL,0.01,4307.66,4252.474392,2,55.19,584.85
SMC_FVG,17/10/2025 14:35,17/10/2025 16:55,SELL,0.01,4258.965,4201.544491,2,57.42,642.27
SMC_CHOCH,19/10/2025 22:10,20/10/2025 00:10,BUY,0.01,4259.162,4232.517647,2,-26.64,615.63
SMC_FVG,20/10/2025 00:10,20/10/2025 01:25,BUY,0.01,4225.208,4263.789948,2,38.58,654.21
SMC_FVG,20/10/2025 03:00,20/10/2025 06:25,BUY,0.01,4252.911,4226.538667,2,-26.37,627.84
RSI_REVERSION,20/10/2025 06:25,20/10/2025 07:05,BUY,0.01,4226.852,4244.633429,1.51,17.78,645.62
VWAP_REVERSION,20/10/2025 11:55,20/10/2025 12:15,SELL,0.01,4279.281,4288.838934,2.95,-9.56,636.06
SMC_CHOCH,20/10/2025 15:15,21/10/2025 07:30,BUY,0.01,4354.813,4313.813295,2,-41,595.06
SMC_CHOCH,21/10/2025 14:30,27/10/2025 14:15,SELL,0.01,4134.114,3997.674977,2,136.44,731.5
SMC_FVG,27/10/2025 14:25,28/10/2025 01:05,SELL,0.01,3998.825,4013.782532,2,-14.96,716.54
RSI_REVERSION,28/10/2025 01:10,28/10/2025 02:20,SELL,0.01,4017.821,3998.306786,2.24,19.51,736.06
RSI_REVERSION,28/10/2025 04:20,28/10/2025 04:25,BUY,0.01,3973.742,3965.060729,1.65,-8.68,727.38
SMC_FVG,28/10/2025 04:40,28/10/2025 06:35,SELL,0.01,3976.982,3949.649039,2,27.33,754.71
SMC_CHOCH,28/10/2025 10:30,28/10/2025 15:10,BUY,0.01,3913.357,3958.73575,2,45.38,800.09
SMC_CHOCH,28/10/2025 23:45,29/10/2025 07:10,BUY,0.01,3957.5,3996.750631,2,39.25,839.34
VWAP_REVERSION,29/10/2025 07:10,29/10/2025 08:00,SELL,0.01,3994.991,4004.429833,2.93,-9.44,829.9
SMC_FVG,29/10/2025 09:55,29/10/2025 13:10,BUY,0.01,4023.998,4011.687808,2,-12.31,817.59
SMC_CHOCH,29/10/2025 13:10,29/10/2025 18:35,SELL,0.01,4012.525,3970.103395,2,42.42,860.01
SMC_CHOCH,29/10/2025 23:55,30/10/2025 02:10,BUY,0.01,3952.836,3930.97998,2,-21.86,838.16
SMC_CHOCH,30/10/2025 04:25,30/10/2025 22:50,BUY,0.01,3959.302,4034.417834,2,75.12,913.27
SMC_CHOCH,31/10/2025 01:50,03/11/2025 00:10,SELL,0.01,4016.118,3971.810476,2,44.31,957.58
RSI_REVERSION,03/11/2025 00:10,03/11/2025 01:05,BUY,0.01,3968.468,3985.632571,2.04,17.16,974.74
VWAP_REVERSION,03/11/2025 08:00,03/11/2025 09:40,SELL,0.01,4026.812,3999.348669,3.68,27.46,1002.21
SMC_CHOCH,03/11/2025 23:10,04/11/2025 14:30,SELL,0.01,3988.41,3939.527662,2,48.88,1051.09
SMC_CHOCH,05/11/2025 00:00,05/11/2025 05:25,BUY,0.01,3941.522,3977.581593,2,36.06,1087.15
VWAP_REVERSION,05/11/2025 14:25,05/11/2025 16:50,SELL,0.02,3983.72,3989.867626,3.59,-12.3,1074.85
RSI_REVERSION,05/11/2025 23:00,06/11/2025 02:30,BUY,0.01,3968.566,3981.414357,2.53,12.85,1087.7
SMC_CHOCH,06/11/2025 11:30,06/11/2025 12:50,BUY,0.01,4012.114,4003.283374,2,-8.83,1078.87
RSI_REVERSION,06/11/2025 14:20,06/11/2025 14:25,BUY,0.02,3995.147,3990.149573,3.05,-9.99,1068.88
SMC_CHOCH,06/11/2025 23:30,07/11/2025 01:05,BUY,0.01,3983.829,3996.255056,2,12.43,1081.3
SMC_FVG,07/11/2025 03:15,07/11/2025 04:20,SELL,0.01,3990.107,3997.522679,2,-7.42,1073.89
VWAP_REVERSION,07/11/2025 16:35,07/11/2025 17:05,SELL,0.02,4025.725,3998.661498,4.73,54.13,1128.01
SMC_CHOCH,09/11/2025 23:05,10/11/2025 01:20,BUY,0.01,4009.096,4039.926698,2,30.83,1158.85
RSI_REVERSION,10/11/2025 01:35,10/11/2025 04:20,SELL,0.01,4050.729,4056.820255,3.55,-6.09,1152.75
SMC_CHOCH,10/11/2025 09:10,10/11/2025 12:10,SELL,0.01,4074.971,4089.182605,2,-14.21,1138.54
SMC_CHOCH,10/11/2025 14:40,10/11/2025 15:05,SELL,0.01,4081.344,4091.746948,2,-10.4,1128.14
VWAP_REVERSION,10/11/2025 16:25,10/11/2025 17:50,SELL,0.02,4093.005,4098.819222,3.76,-11.63,1116.51
SMC_CHOCH,10/11/2025 23:00,11/11/2025 00:45,BUY,0.01,4116.732,4130.891946,2,14.16,1130.67
SMC_FVG,11/11/2025 01:00,11/11/2025 03:10,BUY,0.01,4130.328,4142.514974,2,12.19,1142.86
SMC_CHOCH,11/11/2025 04:10,11/11/2025 14:45,SELL,0.01,4143.164,4121.822482,2,21.34,1164.2
VWAP_REVERSION,11/11/2025 15:20,11/11/2025 15:25,BUY,0.02,4107.99,4102.688965,4.92,-10.6,1153.6
SMC_FVG,11/11/2025 16:30,11/11/2025 19:45,BUY,0.02,4108.731,4122.406612,2,27.35,1180.95
SMC_CHOCH,11/11/2025 23:35,12/11/2025 01:00,BUY,0.01,4141.863,4130.695172,2,-11.17,1169.78
SMC_FVG,12/11/2025 01:35,12/11/2025 01:45,SELL,0.01,4128.749,4134.156152,2,-5.41,1164.37
RSI_REVERSION,12/11/2025 04:00,12/11/2025 05:30,BUY,0.01,4108.104,4102.994252,2.1,-5.11,1159.26
RSI_REVERSION,12/11/2025 12:30,12/11/2025 13:00,SELL,0.02,4138.429,4129.426071,1.81,18.01,1177.27
VWAP_REVERSION,12/11/2025 15:00,12/11/2025 15:10,SELL,0.02,4141.813,4147.407059,2.96,-11.19,1166.08
SMC_CHOCH,12/11/2025 17:00,13/11/2025 01:15,BUY,0.01,4202.182,4180.502706,2,-21.68,1144.4
SMC_CHOCH,13/11/2025 03:00,13/11/2025 08:15,BUY,0.01,4195.694,4230.36219,2,34.67,1179.07
RSI_REVERSION,13/11/2025 08:15,13/11/2025 12:55,SELL,0.01,4234.338,4242.761636,1.79,-8.42,1170.65
VWAP_REVERSION,13/11/2025 12:55,13/11/2025 14:20,SELL,0.02,4242.523,4212.294543,4.46,60.46,1231.1
SMC_FVG,13/11/2025 16:35,13/11/2025 18:25,BUY,0.01,4200.247,4191.319588,2,-8.93,1222.18
SMC_CHOCH,13/11/2025 18:35,17/11/2025 19:40,SELL,0.01,4148.361,4019.389835,2,128.97,1351.15
SMC_CHOCH,18/11/2025 01:00,18/11/2025 01:50,BUY,0.01,4041.76,4024.140984,2,-17.62,1333.53
SMC_CHOCH,18/11/2025 03:05,18/11/2025 08:30,SELL,0.01,4014.415,4030.113446,2,-15.7,1317.83
RSI_REVERSION,18/11/2025 08:30,18/11/2025 09:55,SELL,0.02,4036.793,4045.269187,2.36,-16.95,1300.88
SMC_CHOCH,18/11/2025 15:10,19/11/2025 05:15,SELL,0.01,4059.439,4083.252157,2,-23.81,1277.06
VWAP_REVERSION,19/11/2025 05:20,19/11/2025 06:00,SELL,0.01,4091.39,4098.123896,3.06,-6.73,1270.33
SMC_FVG,19/11/2025 11:40,19/11/2025 13:10,BUY,0.02,4111.461,4104.638558,2,-13.64,1256.69
SMC_CHOCH,19/11/2025 13:20,19/11/2025 13:30,SELL,0.01,4104.081,4114.824347,2,-10.74,1245.94
SMC_CHOCH,19/11/2025 17:00,19/11/2025 18:50,SELL,0.01,4060.777,4087.139155,2,-26.36,1219.58
SMC_CHOCH,20/11/2025 00:00,20/11/2025 01:20,BUY,0.01,4105.311,4093.690058,2,-11.62,1207.96
SMC_FVG,20/11/2025 01:55,20/11/2025 02:00,BUY,0.01,4081.388,4071.350679,2,-10.04,1197.92
RSI_REVERSION,20/11/2025 02:15,20/11/2025 03:05,BUY,0.01,4050.738,4083.971071,4,33.23,1231.15
VWAP_REVERSION,20/11/2025 08:10,20/11/2025 12:10,BUY,0.01,4047.154,4073.892454,2.71,26.74,1257.89
RSI_REVERSION,20/11/2025 13:00,20/11/2025 13:30,SELL,0.02,4087.739,4074.631357,1.63,26.22,1284.11
SMC_CHOCH,20/11/2025 23:00,20/11/2025 23:45,SELL,0.01,4073.529,4088.579363,2,-15.05,1269.06
SMC_FVG,20/11/2025 23:50,21/11/2025 01:00,BUY,0.01,4077.638,4068.570815,2,-9.07,1259.99
SMC_CHOCH,21/11/2025 02:50,21/11/2025 16:50,SELL,0.01,4063.303,4088.953254,2,-25.65,1234.34
RSI_REVERSION,21/11/2025 16:50,21/11/2025 20:20,SELL,0.01,4093.844,4072.839786,2.33,21,1255.34
LIQUIDITY_SWEEP,23/11/2025 23:10,24/11/2025 01:10,SELL,0.01,4074.834,4052.460538,2,22.37,1277.72
SMC_CHOCH,24/11/2025 01:55,24/11/2025 07:40,SELL,0.01,4044.155,4064.885843,2,-20.73,1256.99
VWAP_REVERSION,24/11/2025 13:30,24/11/2025 15:05,SELL,0.02,4083.741,4090.001442,3.87,-12.52,1244.47
SMC_CHOCH,24/11/2025 18:50,25/11/2025 02:45,BUY,0.01,4120.184,4152.57261,2,32.39,1276.86
SMC_FVG,25/11/2025 04:00,25/11/2025 07:35,BUY,0.01,4139.555,4132.694772,2,-6.86,1270
VWAP_REVERSION,25/11/2025 08:50,25/11/2025 10:15,BUY,0.02,4111.89,4138.844375,4.1,53.91,1323.9
SMC_CHOCH,26/11/2025 00:45,26/11/2025 01:35,SELL,0.01,4136.709,4148.596199,2,-11.89,1312.02
SMC_FVG,26/11/2025 04:20,26/11/2025 06:30,BUY,0.01,4158.377,4152.291166,2,-6.09,1305.93
VWAP_REVERSION,26/11/2025 11:30,26/11/2025 12:40,SELL,0.02,4172.231,4157.34645,2.46,29.77,1335.7
SMC_OB,26/11/2025 23:25,27/11/2025 01:05,BUY,0.01,4164.343,4158.132192,2,-6.21,1329.49
RSI_REVERSION,27/11/2025 01:15,27/11/2025 02:50,BUY,0.01,4150.998,4146.099079,2.39,-4.9,1324.59
SMC_FVG,27/11/2025 03:40,27/11/2025 04:30,SELL,0.01,4147.952,4152.856925,2,-4.9,1319.69
SMC_FVG,27/11/2025 05:40,27/11/2025 06:35,BUY,0.01,4148.224,4157.744417,2,9.52,1329.21
VWAP_REVERSION,27/11/2025 23:10,28/11/2025 00:05,SELL,0.02,4162.65,4166.162255,2,-7.02,1322.18
SMC_FVG,28/11/2025 01:10,28/11/2025 04:25,BUY,0.01,4186.364,4179.095846,2,-7.27,1314.91
SMC_CHOCH,28/11/2025 12:00,28/11/2025 13:55,SELL,0.01,4171.842,4181.161229,2,-9.32,1305.59
SMC_FVG,28/11/2025 15:05,28/11/2025 15:10,BUY,0.02,4192.772,4186.281121,2,-12.98,1292.61
SMC_CHOCH,28/11/2025 18:00,01/12/2025 01:55,BUY,0.01,4217.279,4251.87668,2,34.6,1327.21
RSI_REVERSION,01/12/2025 01:55,01/12/2025 02:30,SELL,0.01,4255.34,4235.399,2.96,19.94,1347.15
SMC_FVG,01/12/2025 02:35,01/12/2025 05:15,BUY,0.01,4235.294,4225.364674,2.13,-9.93,1337.22
LIQUIDITY_SWEEP,01/12/2025 05:25,01/12/2025 07:55,BUY,0.01,4220.227,4243.998445,2,23.77,1360.99
RSI_REVERSION,02/12/2025 01:05,02/12/2025 02:45,BUY,0.01,4206.202,4223.526571,2.46,17.32,1378.32
VWAP_REVERSION,02/12/2025 15:50,02/12/2025 15:55,BUY,0.02,4171.088,4164.318596,5.63,-13.54,1364.78
SMC_CHOCH,02/12/2025 23:00,03/12/2025 01:00,SELL,0.01,4202.88,4217.719802,2,-14.84,1349.94
SMC_CHOCH,03/12/2025 11:15,03/12/2025 13:20,BUY,0.01,4202.225,4222.265619,2,20.04,1369.98
RSI_REVERSION,03/12/2025 13:20,03/12/2025 13:40,SELL,0.03,4220.199,4224.994842,1.56,-14.39,1355.59
SMC_FVG,03/12/2025 15:10,03/12/2025 15:30,SELL,0.02,4217.647,4224.607171,2,-13.92,1341.67
SMC_CHOCH,04/12/2025 00:10,04/12/2025 03:00,BUY,0.01,4207.644,4198.298925,2,-9.35,1332.33
SMC_FVG,04/12/2025 03:40,04/12/2025 05:45,SELL,0.01,4196.965,4180.30934,2,16.66,1348.98
VWAP_REVERSION,04/12/2025 16:15,05/12/2025 01:10,SELL,0.02,4217.154,4197.651799,3.29,39,1387.99
RSI_REVERSION,05/12/2025 01:10,05/12/2025 02:00,BUY,0.02,4197.148,4204.058571,1.51,13.82,1401.81
VWAP_REVERSION,05/12/2025 04:30,05/12/2025 05:30,SELL,0.02,4215.803,4220.324776,2.66,-9.04,1392.76
SMC_FVG,05/12/2025 06:55,05/12/2025 09:15,BUY,0.02,4224.483,4216.678539,2,-15.61,1377.16
SMC_CHOCH,05/12/2025 13:30,05/12/2025 16:10,BUY,0.01,4234.69,4219.621872,2,-15.07,1362.09
SMC_FVG,05/12/2025 16:25,08/12/2025 15:05,SELL,0.01,4216.598,4185.472054,2,31.13,1393.21
RSI_REVERSION,08/12/2025 15:05,09/12/2025 06:05,BUY,0.03,4180.518,4175.213995,4.06,-15.91,1377.3
VWAP_REVERSION,09/12/2025 06:05,09/12/2025 06:10,BUY,0.03,4174.485,4170.391165,3.88,-12.28,1365.02
SMC_CHOCH,10/12/2025 01:05,10/12/2025 05:15,BUY,0.01,4210.857,4202.600174,2,-8.26,1356.76
SMC_FVG,10/12/2025 05:30,10/12/2025 05:40,SELL,0.02,4207.813,4211.843259,2,-8.06,1348.7
VWAP_REVERSION,10/12/2025 09:50,10/12/2025 10:30,BUY,0.03,4194.385,4189.674959,2.87,-14.13,1334.57
SMC_CHOCH,10/12/2025 12:20,10/12/2025 12:55,BUY,0.05,4198.378,4195.534132,2,-14.22,1320.35
VWAP_REVERSION,10/12/2025 15:50,10/12/2025 16:30,BUY,0.03,4190.939,4202.814503,2.78,35.63,1355.98
RSI_REVERSION,11/12/2025 00:10,11/12/2025 02:25,SELL,0.01,4242.901,4230.594643,1.8,12.31,1368.29
SMC_CHOCH,11/12/2025 02:35,11/12/2025 14:35,SELL,0.01,4223.23,4240.584425,2,-17.35,1350.93
VWAP_REVERSION,11/12/2025 14:35,11/12/2025 15:30,SELL,0.02,4239.832,4245.248058,3.54,-10.83,1340.1
SMC_FVG,11/12/2025 18:55,12/12/2025 08:00,BUY,0.01,4268.103,4291.042556,2,22.94,1363.04
SMC_CHOCH,12/12/2025 11:15,12/12/2025 12:45,BUY,0.01,4337.072,4327.679878,2,-9.39,1353.65
SMC_FVG,12/12/2025 12:45,12/12/2025 13:25,BUY,0.02,4324.88,4339.015,2.2,28.27,1381.92
SMC_CHOCH,12/12/2025 14:50,12/12/2025 15:15,BUY,0.01,4349.525,4324.909417,2,-24.62,1357.3
SMC_CHOCH,12/12/2025 16:35,12/12/2025 18:10,SELL,0.01,4266.373,4302.02874,2,-35.66,1321.65
SMC_FVG,14/12/2025 23:10,15/12/2025 01:40,BUY,0.01,4302.554,4321.748311,2,19.19,1340.84
SMC_FVG,15/12/2025 04:30,15/12/2025 05:35,BUY,0.01,4324.694,4338.822984,2,14.13,1354.97
VWAP_REVERSION,15/12/2025 10:15,15/12/2025 14:00,SELL,0.02,4344.949,4330.439494,1.8,29.02,1383.99
SMC_CHOCH,15/12/2025 16:30,15/12/2025 18:55,SELL,0.01,4290.933,4311.749011,2,-20.82,1363.17
SMC_FVG,15/12/2025 23:05,16/12/2025 02:50,BUY,0.01,4305.754,4298.50352,2,-7.25,1355.92
VWAP_REVERSION,16/12/2025 03:10,16/12/2025 05:30,BUY,0.01,4282.275,4276.372136,3.78,-5.9,1350.02
SMC_CHOCH,16/12/2025 13:30,17/12/2025 14:00,BUY,0.01,4307.352,4345.254486,2,37.9,1387.92
VWAP_REVERSION,17/12/2025 14:00,17/12/2025 14:15,SELL,0.03,4344.75,4323.060205,4.22,65.07,1452.99
SMC_FVG,17/12/2025 23:15,18/12/2025 08:55,SELL,0.01,4337.816,4322.758655,2,15.06,1468.05
SMC_CHOCH,18/12/2025 13:30,18/12/2025 14:40,BUY,0.01,4329.251,4311.606109,2,-17.64,1450.4
VWAP_REVERSION,18/12/2025 14:40,18/12/2025 14:45,BUY,0.03,4314.272,4309.332636,3.25,-14.82,1435.58
RSI_REVERSION,18/12/2025 16:10,18/12/2025 16:15,SELL,0.02,4362.438,4368.283231,4.06,-11.69,1423.89
SMC_CHOCH,19/12/2025 01:30,19/12/2025 13:10,SELL,0.01,4309.884,4334.272215,2,-24.39,1399.51
VWAP_REVERSION,19/12/2025 13:15,19/12/2025 14:35,SELL,0.03,4332.817,4337.269227,1.97,-13.36,1386.15
LIQUIDITY_SWEEP,21/12/2025 23:20,22/12/2025 00:00,BUY,0.01,4347.396,4360.436526,2,13.04,1399.19
SMC_FVG,22/12/2025 00:40,22/12/2025 01:35,BUY,0.01,4361.998,4373.329741,2,11.33,1410.52
SMC_CHOCH,22/12/2025 01:40,22/12/2025 15:55,BUY,0.01,4381.785,4433.349708,2,51.56,1462.09
SMC_CHOCH,22/12/2025 18:25,22/12/2025 21:25,SELL,0.01,4434.341,4444.546794,2,-10.21,1451.88
VWAP_REVERSION,22/12/2025 23:00,22/12/2025 23:10,SELL,0.01,4449.472,4454.609997,5.44,-5.14,1446.74
RSI_REVERSION,22/12/2025 23:10,22/12/2025 23:45,SELL,0.01,4454.915,4460.256884,1.62,-5.34,1441.4
SMC_CHOCH,23/12/2025 01:00,23/12/2025 14:05,BUY,0.01,4478.277,4461.890615,2,-16.39,1425.01
VWAP_REVERSION,23/12/2025 14:20,23/12/2025 14:30,BUY,0.03,4464.411,4459.109914,3.38,-15.9,1409.11
SMC_FVG,23/12/2025 23:25,23/12/2025 23:40,BUY,0.01,4492.133,4508.352872,2,16.22,1425.33
RSI_REVERSION,23/12/2025 23:40,24/12/2025 00:05,SELL,0.01,4505.555,4512.134322,1.87,-6.58,1418.75
SMC_CHOCH,24/12/2025 00:05,24/12/2025 02:55,BUY,0.01,4512.535,4493.246736,2,-19.29,1399.46
SMC_FVG,24/12/2025 03:50,24/12/2025 05:10,BUY,0.01,4492.742,4485.455191,2,-7.29,1392.18
BB_BREAKOUT,24/12/2025 08:00,24/12/2025 08:25,SELL,0.02,4481.445,4489.085567,2,-15.28,1376.89
VWAP_REVERSION,24/12/2025 11:30,24/12/2025 13:20,BUY,0.02,4485.989,4479.402278,1.78,-13.17,1363.72
SMC_CHOCH,25/12/2025 23:10,26/12/2025 01:00,BUY,0.01,4489.056,4522.678385,2,33.62,1397.34
RSI_REVERSION,26/12/2025 01:00,26/12/2025 01:25,SELL,0.01,4526.343,4507.4085,2.84,18.93,1416.28
SMC_FVG,26/12/2025 01:45,26/12/2025 13:40,BUY,0.01,4502.544,4527.061698,2,24.52,1440.8
VWAP_REVERSION,26/12/2025 13:55,26/12/2025 14:30,SELL,0.02,4525.108,4531.244884,2.28,-12.27,1428.52
SMC_CHOCH,29/12/2025 00:00,29/12/2025 07:00,SELL,0.01,4520.217,4461.048968,2,59.17,1487.69
RSI_REVERSION,29/12/2025 07:00,29/12/2025 11:40,BUY,0.02,4455.824,4446.227943,3.75,-19.19,1468.5
SMC_CHOCH,29/12/2025 14:30,29/12/2025 15:20,SELL,0.01,4381.183,4327.016882,2,54.17,1522.66
SMC_CHOCH,29/12/2025 16:50,29/12/2025 17:35,BUY,0.01,4345.63,4316.35344,2,-29.28,1493.39
SMC_CHOCH,29/12/2025 23:00,30/12/2025 07:50,BUY,0.01,4340.422,4382.481694,2,42.06,1535.45
VWAP_REVERSION,30/12/2025 10:15,30/12/2025 10:30,SELL,0.02,4378.091,4386.157792,2.26,-16.13,1519.31
SMC_CHOCH,30/12/2025 23:00,31/12/2025 01:20,SELL,0.01,4340.943,4356.253919,2,-15.31,1504
RSI_REVERSION,31/12/2025 01:35,31/12/2025 02:55,SELL,0.01,4367.959,4349.556357,2.18,18.4,1522.41
SMC_FVG,31/12/2025 04:55,31/12/2025 05:40,BUY,0.01,4332.989,4324.57314,2,-8.42,1513.99
RSI_REVERSION,31/12/2025 05:45,31/12/2025 05:50,BUY,0.01,4310.723,4301.792704,2.59,-8.93,1505.06
VWAP_REVERSION,31/12/2025 05:50,31/12/2025 05:55,BUY,0.01,4287.26,4277.077378,5.71,-10.18,1494.88
SMC_CHOCH,01/01/2026 23:05,02/01/2026 08:30,BUY,0.01,4333.467,4389.242569,2,55.78,1550.65
SMC_CHOCH,02/01/2026 12:00,02/01/2026 13:10,SELL,0.02,4391.484,4399.991786,2,-17.02,1533.64
SMC_CHOCH,02/01/2026 15:25,04/01/2026 23:10,SELL,0.01,4336.604,4363.956384,2,-27.35,1506.28
RSI_REVERSION,04/01/2026 23:10,05/01/2026 00:10,SELL,0.01,4370.135,4376.767056,5.32,-6.63,1499.65
SMC_FVG,05/01/2026 00:35,05/01/2026 01:00,SELL,0.01,4395.231,4402.816601,2,-7.59,1492.07
SMC_CHOCH,05/01/2026 11:00,05/01/2026 13:20,SELL,0.01,4432.046,4402.802808,2,29.24,1521.31
SMC_OB,05/01/2026 13:20,05/01/2026 14:10,BUY,0.01,4405.894,4428.252307,2,22.36,1543.67
RSI_REVERSION,05/01/2026 14:50,05/01/2026 15:00,SELL,0.02,4439.486,4447.012277,1.97,-15.05,1528.62
VWAP_REVERSION,05/01/2026 15:00,05/01/2026 23:10,SELL,0.02,4451.915,4459.128906,5.38,-14.43,1514.19
SMC_CHOCH,06/01/2026 00:35,06/01/2026 01:55,SELL,0.01,4434.6,4448.976713,2,-14.38,1499.81
SMC_FVG,06/01/2026 01:55,06/01/2026 03:10,SELL,0.01,4450.417,4461.914101,2,-11.5,1488.31
VWAP_REVERSION,06/01/2026 03:15,06/01/2026 05:30,SELL,0.01,4465.275,4471.943199,2.94,-6.67,1481.65
VWAP_REVERSION,06/01/2026 23:00,07/01/2026 01:10,SELL,0.01,4498.498,4471.748699,4.92,26.75,1508.4
RSI_REVERSION,07/01/2026 01:10,07/01/2026 01:35,BUY,0.01,4471.07,4465.167611,2.84,-5.9,1502.49
SMC_CHOCH,07/01/2026 01:40,07/01/2026 13:05,SELL,0.01,4468.686,4437.512237,2,31.17,1533.67
SMC_CHOCH,07/01/2026 16:40,07/01/2026 18:00,BUY,0.01,4467.629,4448.729294,2,-18.9,1514.77
SMC_CHOCH,08/01/2026 00:40,08/01/2026 05:15,SELL,0.01,4451.484,4422.811544,2,28.67,1543.44
SMC_FVG,08/01/2026 06:45,08/01/2026 08:35,BUY,0.01,4433.809,4423.1286,2,-10.68,1532.76
VWAP_REVERSION,08/01/2026 12:00,08/01/2026 12:15,BUY,0.03,4416.906,4410.781838,3.02,-18.37,1514.39
SMC_CHOCH,08/01/2026 23:00,09/01/2026 00:20,BUY,0.01,4477.271,4469.053649,2,-8.22,1506.17
SMC_FVG,09/01/2026 02:00,09/01/2026 03:10,SELL,0.01,4475.541,4462.861845,2,12.68,1518.85
VWAP_REVERSION,09/01/2026 13:30,09/01/2026 14:10,SELL,0.03,4486.89,4492.274605,3.46,-16.15,1502.69
SMC_CHOCH,11/01/2026 23:00,12/01/2026 00:15,BUY,0.01,4521.498,4562.285603,2,40.79,1543.48
RSI_REVERSION,12/01/2026 00:15,12/01/2026 00:30,SELL,0.01,4563.697,4570.479423,3.24,-6.78,1536.7
SMC_CHOCH,12/01/2026 01:40,12/01/2026 08:45,SELL,0.01,4573.618,4592.994732,2,-19.38,1517.32
SMC_CHOCH,12/01/2026 09:50,12/01/2026 13:10,SELL,0.01,4590.104,4604.585667,2,-14.48,1502.84
VWAP_REVERSION,12/01/2026 13:10,12/01/2026 13:40,SELL,0.02,4606.654,4613.009586,4.1,-12.71,1490.13
SMC_FVG,13/01/2026 00:50,13/01/2026 03:10,SELL,0.01,4590.159,4597.605746,2,-7.45,1482.68
SMC_FVG,13/01/2026 05:55,13/01/2026 06:20,BUY,0.01,4592.164,4585.056061,2,-7.11,1475.58
VWAP_REVERSION,13/01/2026 13:30,13/01/2026 13:40,SELL,0.03,4613.344,4619.19691,4.1,-17.56,1458.02
SMC_CHOCH,13/01/2026 23:05,14/01/2026 02:30,BUY,0.01,4593.068,4622.479754,2,29.41,1487.43
SMC_CHOCH,14/01/2026 05:55,16/01/2026 15:25,SELL,0.01,4619.88,4567.809158,2,52.07,1539.5
VWAP_REVERSION,16/01/2026 15:25,16/01/2026 15:30,BUY,0.02,4565.278,4558.346315,5.25,-13.86,1525.64
RSI_REVERSION,18/01/2026 23:05,18/01/2026 23:15,SELL,0.01,4654.833,4663.326444,6.94,-8.49,1517.14
SMC_CHOCH,19/01/2026 00:15,20/01/2026 04:25,SELL,0.01,4663.358,4687.173476,2,-23.82,1493.33
VWAP_REVERSION,20/01/2026 04:25,20/01/2026 04:35,SELL,0.02,4685.873,4690.268862,3.44,-8.79,1484.54
SMC_FVG,20/01/2026 06:30,20/01/2026 07:25,BUY,0.02,4708.973,4721.642696,2,25.34,1509.87
SMC_CHOCH,20/01/2026 09:00,20/01/2026 18:10,BUY,0.01,4728.521,4764.069646,2,35.55,1545.42
SMC_FVG,20/01/2026 23:05,20/01/2026 23:45,BUY,0.01,4759.976,4775.023202,2,15.05,1560.47
SMC_CHOCH,21/01/2026 00:50,21/01/2026 01:10,BUY,0.01,4786.307,4808.09291,2,21.79,1582.26
RSI_REVERSION,21/01/2026 02:00,21/01/2026 03:00,SELL,0.01,4834.438,4842.730988,2.14,-8.29,1573.96
SMC_CHOCH,21/01/2026 04:30,21/01/2026 06:25,BUY,0.01,4854.177,4882.880182,2,28.7,1602.67
SMC_CHOCH,21/01/2026 07:50,21/01/2026 15:15,BUY,0.01,4856.2,4828.751308,2,-27.45,1575.22
VWAP_REVERSION,21/01/2026 15:20,21/01/2026 15:50,BUY,0.01,4817.433,4849.282566,3,31.85,1607.07
SMC_CHOCH,21/01/2026 23:05,22/01/2026 15:25,SELL,0.01,4803.232,4853.836128,2,-50.6,1556.46
VWAP_REVERSION,22/01/2026 15:25,22/01/2026 15:30,SELL,0.02,4854.03,4862.292284,4.81,-16.52,1539.94
RSI_REVERSION,22/01/2026 15:30,22/01/2026 15:50,SELL,0.02,4863.478,4872.584987,2.33,-18.21,1521.72
RSI_REVERSION,22/01/2026 23:00,22/01/2026 23:55,SELL,0.01,4952.398,4960.234132,2.88,-7.84,1513.89
SMC_CHOCH,23/01/2026 00:00,23/01/2026 08:20,BUY,0.01,4961.599,4921.702928,2,-39.9,1473.99
VWAP_REVERSION,23/01/2026 08:20,23/01/2026 08:25,BUY,0.02,4920.899,4912.126915,3.5,-17.54,1456.45
SMC_CHOCH,23/01/2026 11:00,23/01/2026 12:50,SELL,0.01,4919.077,4940.701239,2,-21.62,1434.82
BB_BREAKOUT,23/01/2026 17:55,23/01/2026 18:00,SELL,0.01,4965.998,4976.378695,2,-10.38,1424.44
SMC_CHOCH,25/01/2026 23:45,26/01/2026 01:30,BUY,0.01,5033.942,5084.05133,2,50.11,1474.55
RSI_REVERSION,26/01/2026 01:30,26/01/2026 05:15,SELL,0.01,5083.715,5054.403786,2.86,29.31,1503.86
VWAP_REVERSION,26/01/2026 06:45,26/01/2026 13:00,SELL,0.01,5106.853,5069.199868,3.38,37.65,1541.52
SMC_CHOCH,26/01/2026 23:40,27/01/2026 00:45,BUY,0.01,5056.722,5025.412054,2,-31.31,1510.21
SMC_CHOCH,27/01/2026 02:20,27/01/2026 14:15,BUY,0.01,5068.076,5046.64328,2,-21.43,1488.77
SMC_CHOCH,28/01/2026 00:50,28/01/2026 01:50,BUY,0.01,5177.745,5224.624152,2,46.88,1535.65
RSI_REVERSION,28/01/2026 01:50,28/01/2026 02:50,SELL,0.01,5219.652,5232.138993,2.12,-12.49,1523.17
SMC_CHOCH,28/01/2026 04:55,28/01/2026 08:00,BUY,0.01,5245.639,5292.888426,2,47.25,1570.42
SMC_CHOCH,28/01/2026 09:15,28/01/2026 18:15,SELL,0.01,5277.865,5309.679482,2,-31.81,1538.6
VWAP_REVERSION,28/01/2026 18:15,28/01/2026 18:20,SELL,0.01,5310.453,5325.967433,2.88,-15.51,1523.09
RSI_REVERSION,28/01/2026 23:00,28/01/2026 23:10,SELL,0.01,5440.891,5457.385359,2.81,-16.49,1506.59
SMC_CHOCH,29/01/2026 01:40,29/01/2026 15:05,BUY,0.01,5539.837,5421.16092,2,-118.68,1387.92
VWAP_REVERSION,29/01/2026 15:05,29/01/2026 15:10,BUY,0.01,5415.022,5393.465324,5.1,-21.56,1366.36
RSI_REVERSION,29/01/2026 15:10,29/01/2026 15:15,BUY,0.01,5384.415,5361.90787,5.15,-22.51,1343.85
SMC_FVG,29/01/2026 16:10,29/01/2026 17:15,SELL,0.01,5273.431,5329.213732,3.2,-55.78,1288.07
SMC_CHOCH,29/01/2026 17:25,30/01/2026 02:10,BUY,0.01,5362.846,5257.653967,2,-105.19,1182.88
RSI_REVERSION,30/01/2026 02:10,30/01/2026 02:15,BUY,0.01,5212.284,5177.352686,3.21,-34.93,1147.95
SMC_FVG,30/01/2026 04:10,30/01/2026 09:10,SELL,0.01,5214.675,5025.626324,2,189.05,1337
SMC_CHOCH,30/01/2026 09:55,30/01/2026 10:00,SELL,0.01,5013.698,5040.911017,2.7,-27.21,1309.78
SMC_FVG,30/01/2026 10:35,30/01/2026 16:50,SELL,0.01,5080.607,4943.019994,2,137.59,1447.37
SMC_CHOCH,30/01/2026 17:35,30/01/2026 18:20,SELL,0.01,4889.54,4704.710916,2,184.83,1632.2
SMC_FVG,30/01/2026 18:40,30/01/2026 18:50,SELL,0.01,4780.481,4836.716622,2,-56.24,1575.96
RSI_REVERSION,01/02/2026 23:10,02/02/2026 00:15,BUY,0.01,4741.669,4852.494143,2.38,110.83,1686.79
SMC_CHOCH,02/02/2026 01:05,03/02/2026 07:25,SELL,0.01,4656.271,4896.211007,2,-239.94,1446.85
VWAP_REVERSION,03/02/2026 07:35,03/02/2026 16:15,SELL,0.01,4931.4,4959.594556,4.01,-28.19,1418.65
RSI_REVERSION,04/02/2026 00:15,04/02/2026 00:55,SELL,0.01,4994.629,5016.163523,2.11,-21.53,1397.12
SMC_CHOCH,04/02/2026 00:55,04/02/2026 15:30,BUY,0.01,5015.604,4946.494138,2,-69.11,1328.01
SMC_CHOCH,04/02/2026 16:45,04/02/2026 19:50,SELL,0.01,4871.021,4957.669099,2,-86.65,1241.36
RSI_REVERSION,04/02/2026 23:00,04/02/2026 23:15,SELL,0.01,4994.884,5015.739179,1.75,-20.86,1220.51
RSI_REVERSION,05/02/2026 01:15,05/02/2026 02:10,BUY,0.01,4944.51,4923.396997,2.76,-21.11,1199.39
SMC_CHOCH,05/02/2026 02:45,06/02/2026 17:30,SELL,0.01,4852.201,4966.235107,2,-114.03,1085.36
VWAP_REVERSION,06/02/2026 17:30,08/02/2026 23:00,SELL,0.01,4960.872,4981.739352,5.26,-20.87,1064.49
RSI_REVERSION,08/02/2026 23:15,08/02/2026 23:25,SELL,0.01,4987.914,5003.244012,1.51,-15.33,1049.16
SMC_CHOCH,09/02/2026 01:30,09/02/2026 15:30,SELL,0.01,5002.742,5047.808807,2,-45.07,1004.09
VWAP_REVERSION,09/02/2026 16:00,09/02/2026 20:20,SELL,0.01,5067.13,5081.094209,3.57,-13.96,990.13
SMC_CHOCH,10/02/2026 00:05,10/02/2026 00:35,BUY,0.01,5042.573,5016.9235,2,-25.65,964.48
SMC_CHOCH,10/02/2026 02:20,10/02/2026 03:10,BUY,0.01,5054.345,5026.383917,2,-27.96,936.52
SMC_FVG,10/02/2026 03:20,10/02/2026 05:50,SELL,0.01,5025.296,5039.687026,2,-14.39,922.13
VWAP_REVERSION,10/02/2026 09:05,10/02/2026 12:40,SELL,0.01,5057.785,5031.675167,2.32,26.11,948.24
RSI_REVERSION,10/02/2026 12:45,10/02/2026 13:15,BUY,0.01,5026.225,5045.616929,1.89,19.39,967.63
SMC_CHOCH,10/02/2026 23:05,11/02/2026 10:40,BUY,0.01,5033.914,5080.721151,2,46.81,1014.44
SMC_FVG,11/02/2026 15:30,11/02/2026 16:30,SELL,0.01,5053.556,5069.00918,2,-15.45,998.98
SMC_CHOCH,11/02/2026 16:30,12/02/2026 16:10,BUY,0.01,5074.722,5029.49952,2,-45.22,953.76
VWAP_REVERSION,12/02/2026 16:10,12/02/2026 16:15,BUY,0.01,4950.681,4938.957334,9.02,-11.72,942.04
RSI_REVERSION,12/02/2026 16:15,12/02/2026 16:20,BUY,0.01,4934.391,4923.091441,10.06,-11.3,930.74
SMC_CHOCH,12/02/2026 18:05,13/02/2026 02:55,SELL,0.01,4924.803,4990.779449,2,-65.98,864.76
SMC_CHOCH,13/02/2026 04:10,13/02/2026 05:40,BUY,0.01,4985.768,4962.277593,2,-23.49,841.27
RSI_REVERSION,13/02/2026 05:55,13/02/2026 07:15,BUY,0.01,4946.451,4970.910714,1.78,24.46,865.73
VWAP_REVERSION,13/02/2026 16:25,13/02/2026 19:05,SELL,0.01,5027.88,5042.626855,3.46,-14.75,850.98
SMC_CHOCH,15/02/2026 23:10,16/02/2026 03:45,SELL,0.01,5022.541,4982.452869,2,40.09,891.07
SMC_CHOCH,16/02/2026 05:10,17/02/2026 00:50,BUY,0.01,4983.561,4953.347476,2,-30.21,860.86
RSI_REVERSION,17/02/2026 00:50,17/02/2026 00:55,BUY,0.01,4952.149,4945.333527,3.81,-6.82,854.04
VWAP_REVERSION,17/02/2026 00:55,17/02/2026 01:00,BUY,0.01,4935.712,4928.860876,4.47,-6.85,847.19
SMC_CHOCH,17/02/2026 05:30,17/02/2026 06:40,SELL,0.01,4884.638,4912.883262,2,-28.25,818.95
SMC_CHOCH,17/02/2026 07:50,17/02/2026 13:55,BUY,0.01,4920.977,4905.488043,2,-15.49,803.46
RSI_REVERSION,17/02/2026 13:55,17/02/2026 14:00,BUY,0.01,4870.572,4860.649722,4.74,-9.92,793.54
VWAP_REVERSION,17/02/2026 14:00,17/02/2026 14:45,BUY,0.01,4871.559,4861.074994,4.94,-10.48,783.05
SMC_CHOCH,17/02/2026 15:55,18/02/2026 04:50,BUY,0.01,4878.263,4939.031529,2,60.77,843.82
VWAP_REVERSION,18/02/2026 13:05,18/02/2026 13:35,SELL,0.01,4955.066,4963.701067,4.75,-8.64,835.19
SMC_CHOCH,18/02/2026 14:45,20/02/2026 08:55,BUY,0.01,4983.943,5030.902508,2,46.96,882.15
RSI_REVERSION,22/02/2026 23:00,22/02/2026 23:05,SELL,0.01,5118.147,5127.562496,1.97,-9.42,872.73
SMC_FVG,23/02/2026 04:00,23/02/2026 06:40,BUY,0.01,5163.121,5151.574796,2,-11.55,861.18
BB_BREAKOUT,23/02/2026 07:00,23/02/2026 07:05,SELL,0.01,5140.135,5149.554365,2,-9.42,851.76
VWAP_REVERSION,23/02/2026 14:35,23/02/2026 14:45,SELL,0.01,5183.865,5193.486153,3.32,-9.62,842.14
SMC_CHOCH,23/02/2026 23:10,24/02/2026 00:00,BUY,0.01,5244.201,5217.83562,2,-26.37,815.78
SMC_FVG,24/02/2026 00:15,24/02/2026 01:00,SELL,0.01,5231.992,5207.390906,2,24.6,840.38
RSI_REVERSION,24/02/2026 01:05,24/02/2026 01:10,BUY,0.01,5207.489,5195.891719,1.63,-11.6,828.78
SMC_CHOCH,24/02/2026 02:30,24/02/2026 12:15,BUY,0.01,5183.742,5154.157256,2,-29.58,799.2
RSI_REVERSION,24/02/2026 12:15,24/02/2026 13:35,BUY,0.01,5151.461,5142.175922,2.19,-9.29,789.91
SMC_FVG,24/02/2026 14:35,24/02/2026 15:40,SELL,0.01,5134.737,5148.268429,3.05,-13.53,776.38
RSI_REVERSION,24/02/2026 23:00,25/02/2026 00:35,BUY,0.01,5136.237,5152.250857,1.79,16.01,792.39
SMC_CHOCH,25/02/2026 01:00,25/02/2026 17:05,BUY,0.01,5158.861,5214.398186,2,55.54,847.93
SMC_CHOCH,25/02/2026 23:55,26/02/2026 00:30,SELL,0.01,5163.219,5187.969863,2,-24.75,823.18
SMC_CHOCH,26/02/2026 15:45,01/03/2026 23:00,BUY,0.01,5182.238,5306.645565,2,124.41,947.59
RSI_REVERSION,01/03/2026 23:00,01/03/2026 23:05,SELL,0.01,5319.662,5328.622008,5.46,-8.96,938.63
SMC_CHOCH,02/03/2026 00:50,02/03/2026 06:45,SELL,0.01,5345.338,5385.719744,2,-40.38,898.25
VWAP_REVERSION,02/03/2026 07:10,02/03/2026 14:20,SELL,0.01,5405.917,5350.130176,3.91,55.79,954.03
SMC_CHOCH,02/03/2026 17:30,03/03/2026 09:25,BUY,0.01,5319.293,5271.218166,2,-48.07,905.96
SMC_CHOCH,03/03/2026 11:05,18/03/2026 11:05,SELL,0.01,5171.07,4950.496125,2,220.57,1126.53
SMC_CHOCH,18/03/2026 12:00,18/03/2026 13:15,SELL,0.01,4929.767,4841.555269,2,88.21,1214.74
SMC_CHOCH,18/03/2026 14:35,18/03/2026 15:05,SELL,0.01,4859.764,4877.786534,2,-18.02,1196.72
SMC_CHOCH,18/03/2026 16:20,18/03/2026 18:55,BUY,0.01,4877.753,4858.246219,2,-19.51,1177.21
RSI_REVERSION,18/03/2026 18:55,18/03/2026 19:50,BUY,0.01,4853.077,4841.484511,2.26,-11.59,1165.62
SMC_CHOCH,19/03/2026 00:10,19/03/2026 06:15,BUY,0.01,4843.16,4823.121212,2,-20.04,1145.58
VWAP_REVERSION,19/03/2026 06:40,19/03/2026 06:45,BUY,0.01,4786.313,4771.033285,3.55,-15.28,1130.3
SMC_CHOCH,19/03/2026 08:40,19/03/2026 12:40,SELL,0.01,4688.602,4592.344239,2,96.26,1226.56
SMC_CHOCH,19/03/2026 14:10,19/03/2026 14:25,BUY,0.01,4630.775,4596.166328,2,-34.61,1191.95
SMC_CHOCH,19/03/2026 15:40,19/03/2026 19:10,SELL,0.01,4571.835,4662.157706,2,-90.32,1101.63
SMC_CHOCH,20/03/2026 00:05,20/03/2026 03:15,BUY,0.01,4656.968,4726.606476,2,69.64,1171.27
VWAP_REVERSION,20/03/2026 03:15,20/03/2026 06:35,SELL,0.01,4732.663,4675.171382,3.14,57.49,1228.76
RSI_REVERSION,20/03/2026 08:15,20/03/2026 08:45,SELL,0.01,4724.782,4697.206286,1.81,27.58,1256.34
VWAP_REVERSION,20/03/2026 14:35,20/03/2026 14:50,BUY,0.01,4574.396,4558.857535,5.06,-15.54,1240.8
SMC_CHOCH,20/03/2026 16:10,20/03/2026 18:40,BUY,0.01,4587.96,4533.464302,2,-54.5,1186.3
SMC_CHOCH,23/03/2026 00:00,23/03/2026 00:35,SELL,0.01,4440.387,4339.477473,2,100.91,1287.21
SMC_CHOCH,23/03/2026 02:35,23/03/2026 06:30,SELL,0.01,4374.192,4236.601436,2,137.59,1424.8
SMC_CHOCH,23/03/2026 08:40,23/03/2026 11:05,BUY,0.01,4257.319,4391.781515,2,134.46,1559.26
SMC_FVG,23/03/2026 14:05,23/03/2026 15:35,BUY,0.01,4461.388,4419.525651,2,-41.86,1517.4
RSI_REVERSION,23/03/2026 16:00,23/03/2026 17:30,BUY,0.01,4362.76,4429.619214,1.88,66.86,1584.26
VWAP_REVERSION,23/03/2026 23:55,24/03/2026 00:35,SELL,0.01,4441.196,4351.828251,2.89,89.37,1673.63
SMC_CHOCH,24/03/2026 00:35,24/03/2026 20:25,SELL,0.01,4349.196,4475.678235,2,-126.48,1547.15
RSI_REVERSION,24/03/2026 23:25,24/03/2026 23:35,SELL,0.01,4509.917,4528.988168,1.54,-19.07,1528.08
SMC_OB,24/03/2026 23:35,25/03/2026 01:35,SELL,0.01,4545.9,4586.982572,2.18,-41.08,1486.99
SMC_CHOCH,25/03/2026 03:15,25/03/2026 09:45,SELL,0.01,4576.172,4531.044744,2,45.13,1532.12
RSI_REVERSION,25/03/2026 11:20,25/03/2026 12:20,SELL,0.01,4581.864,4561.129286,1.56,20.73,1552.85
SMC_CHOCH,25/03/2026 23:40,26/03/2026 00:10,SELL,0.01,4494.616,4526.185856,2,-31.57,1521.28
SMC_CHOCH,26/03/2026 02:35,26/03/2026 05:55,SELL,0.01,4514.6,4453.819631,2,60.78,1582.07
VWAP_REVERSION,26/03/2026 05:55,26/03/2026 06:05,BUY,0.01,4439.048,4424.187613,5.02,-14.86,1567.2
RSI_REVERSION,26/03/2026 06:05,26/03/2026 06:10,BUY,0.01,4438.06,4422.08743,2.85,-15.97,1551.23
SMC_CHOCH,26/03/2026 08:20,26/03/2026 14:30,SELL,0.01,4431.921,4471.07329,2,-39.15,1512.08
VWAP_REVERSION,26/03/2026 16:20,26/03/2026 16:30,BUY,0.01,4400.924,4384.4114,3.49,-16.51,1495.57
RSI_REVERSION,26/03/2026 16:30,26/03/2026 16:35,BUY,0.01,4392.778,4376.405116,2.35,-16.37,1479.19
SMC_CHOCH,26/03/2026 18:20,26/03/2026 20:10,SELL,0.01,4376.424,4407.361614,2,-30.94,1448.26
SMC_FVG,27/03/2026 00:15,27/03/2026 00:50,BUY,0.01,4397.232,4380.12615,2,-17.11,1431.15
RSI_REVERSION,27/03/2026 02:05,27/03/2026 05:30,SELL,0.01,4435.501,4452.336277,1.55,-16.84,1414.32
SMC_CHOCH,27/03/2026 05:35,27/03/2026 08:55,BUY,0.01,4474.029,4426.285018,2,-47.74,1366.57
VWAP_REVERSION,27/03/2026 14:50,27/03/2026 14:55,SELL,0.01,4489.186,4502.565769,4.17,-13.38,1353.19
SMC_CHOCH,27/03/2026 16:30,29/03/2026 23:30,SELL,0.01,4518.091,4458.824857,2,59.27,1412.46
RSI_REVERSION,29/03/2026 23:30,29/03/2026 23:45,BUY,0.01,4459.237,4445.225116,1.91,-14.01,1398.45
SMC_FVG,30/03/2026 00:20,30/03/2026 02:40,SELL,0.01,4461.824,4486.524721,2,-24.7,1373.75
SMC_CHOCH,30/03/2026 03:10,31/03/2026 01:30,BUY,0.01,4504.36,4586.143613,2,81.78,1455.53
RSI_REVERSION,31/03/2026 01:30,31/03/2026 01:40,SELL,0.01,4581.968,4594.787744,2.72,-12.82,1442.71
VWAP_REVERSION,31/03/2026 01:40,31/03/2026 07:15,SELL,0.01,4617.532,4546.964226,5.48,70.57,1513.28
SMC_CHOCH,31/03/2026 17:30,01/04/2026 00:25,BUY,0.01,4658.603,4718.125407,2,59.52,1572.8
RSI_REVERSION,01/04/2026 00:25,01/04/2026 01:05,SELL,0.01,4721.629,4696.617857,1.93,25.01,1597.81
SMC_FVG,01/04/2026 02:30,01/04/2026 04:15,BUY,0.01,4685.426,4671.167199,2,-14.26,1583.55
SMC_CHOCH,01/04/2026 09:45,01/04/2026 15:30,BUY,0.01,4726.686,4776.896983,2,50.21,1633.76
VWAP_REVERSION,01/04/2026 15:30,01/04/2026 23:15,SELL,0.01,4779.632,4793.27695,4.16,-13.64,1620.12
RSI_REVERSION,01/04/2026 23:15,02/04/2026 00:00,SELL,0.01,4795.771,4776.780429,1.72,18.99,1639.11
SMC_FVG,02/04/2026 00:00,02/04/2026 01:00,BUY,0.01,4781.441,4767.97767,2,-13.46,1625.65
BB_BREAKOUT,02/04/2026 05:30,02/04/2026 05:45,SELL,0.01,4651.573,4620.70882,2,30.86,1656.51
SMC_CHOCH,02/04/2026 05:45,02/04/2026 14:35,SELL,0.01,4591.627,4694.938283,2,-103.31,1553.2
RSI_REVERSION,05/04/2026 22:00,05/04/2026 22:10,BUY,0.01,4637.777,4623.939079,2.25,-13.84,1539.36
SMC_CHOCH,05/04/2026 22:10,06/04/2026 08:00,SELL,0.01,4630.094,4690.873726,2,-60.78,1478.58
VWAP_REVERSION,06/04/2026 08:00,07/04/2026 01:00,SELL,0.01,4693.284,4644.402799,3.44,48.88,1527.46
VWAP_REVERSION,07/04/2026 08:20,07/04/2026 11:10,SELL,0.01,4684.283,4646.008944,3.56,38.27,1565.74
SMC_CHOCH,07/04/2026 22:05,08/04/2026 00:00,BUY,0.01,4744.595,4847.360603,2,102.77,1668.5
RSI_REVERSION,08/04/2026 00:00,08/04/2026 00:30,SELL,0.01,4845.671,4818.700214,1.73,26.97,1695.47
SMC_CHOCH,08/04/2026 04:05,08/04/2026 05:30,SELL,0.01,4794.472,4817.952111,2,-23.48,1671.99
BB_BREAKOUT,08/04/2026 05:30,08/04/2026 07:00,BUY,0.01,4821.734,4809.231623,2,-12.5,1659.49
SMC_FVG,08/04/2026 07:00,08/04/2026 08:25,BUY,0.01,4813.022,4798.858884,2,-14.16,1645.33
VWAP_REVERSION,08/04/2026 14:30,08/04/2026 14:55,BUY,0.01,4754.222,4741.695333,3.89,-12.53,1632.8
SMC_CHOCH,08/04/2026 22:00,08/04/2026 22:20,BUY,0.01,4727.646,4706.137555,2,-21.51,1611.29
SMC_CHOCH,09/04/2026 00:00,09/04/2026 02:35,SELL,0.01,4705.497,4731.081458,2,-25.58,1585.71
VWAP_REVERSION,09/04/2026 10:20,09/04/2026 11:25,SELL,0.02,4738.221,4746.825453,2.32,-17.21,1568.5
SMC_CHOCH,09/04/2026 22:35,10/04/2026 12:30,SELL,0.01,4759.865,4777.96791,2,-18.1,1550.4
RSI_REVERSION,12/04/2026 22:05,12/04/2026 22:20,BUY,0.01,4667.106,4657.886315,8.45,-9.22,1541.18
SMC_CHOCH,12/04/2026 23:45,13/04/2026 00:55,BUY,0.01,4660.167,4692.548085,2,32.38,1573.56
VWAP_REVERSION,13/04/2026 01:10,13/04/2026 01:55,SELL,0.01,4714.878,4724.975859,2.59,-10.1,1563.46
RSI_REVERSION,13/04/2026 13:15,13/04/2026 13:50,SELL,0.02,4735.345,4743.72718,1.82,-16.76,1546.69
SMC_CHOCH,13/04/2026 22:05,14/04/2026 06:50,BUY,0.01,4748.135,4780.238846,2,32.1,1578.8
VWAP_REVERSION,14/04/2026 14:05,14/04/2026 14:25,SELL,0.02,4801.838,4809.704328,3.36,-15.73,1563.07
SMC_CHOCH,14/04/2026 22:10,15/04/2026 00:15,BUY,0.01,4844.847,4830.880306,2,-13.97,1549.1
RSI_REVERSION,15/04/2026 01:15,15/04/2026 02:20,SELL,0.01,4864.066,4836.462643,3.35,27.6,1576.7
SMC_CHOCH,15/04/2026 02:25,16/04/2026 14:40,SELL,0.01,4834.699,4781.646429,2,53.05,1629.75
VWAP_REVERSION,16/04/2026 14:40,17/04/2026 01:10,BUY,0.02,4787.447,4779.578468,3.56,-15.74,1614.02
VWAP_REVERSION,17/04/2026 12:20,17/04/2026 12:25,SELL,0.03,4812.094,4818.125182,3.54,-18.09,1595.92
SMC_CHOCH,17/04/2026 13:15,19/04/2026 22:00,BUY,0.01,4864.158,4827.366059,2,-36.79,1559.13
SMC_CHOCH,19/04/2026 23:20,20/04/2026 01:00,SELL,0.01,4770.667,4788.562881,2,-17.9,1541.24
RSI_REVERSION,20/04/2026 01:35,20/04/2026 05:40,SELL,0.01,4807.886,4783.707286,2.51,24.18,1565.42
BB_BREAKOUT,20/04/2026 05:40,20/04/2026 05:50,SELL,0.02,4780.926,4790.356745,2,-18.86,1546.55
VWAP_REVERSION,20/04/2026 11:45,20/04/2026 11:50,SELL,0.02,4801.528,4808.785155,1.72,-14.51,1532.04
SMC_CHOCH,20/04/2026 22:15,21/04/2026 00:30,BUY,0.01,4831.462,4817.448288,2,-14.01,1518.03
SMC_FVG,21/04/2026 00:40,21/04/2026 01:55,SELL,0.01,4822.435,4805.958365,2,16.48,1534.5
VWAP_REVERSION,21/04/2026 11:05,21/04/2026 11:45,BUY,0.02,4780.017,4795.263687,2.48,30.49,1565
SMC_CHOCH,21/04/2026 16:05,21/04/2026 18:15,SELL,0.01,4735.292,4696.093829,2,39.2,1604.19
SMC_CHOCH,21/04/2026 23:45,23/04/2026 00:05,BUY,0.01,4738.06,4718.43748,2,-19.62,1584.57
SMC_CHOCH,23/04/2026 02:05,28/04/2026 05:05,SELL,0.01,4714.473,4655.648159,2,58.82,1643.4
SMC_CHOCH,28/04/2026 08:10,28/04/2026 11:35,SELL,0.01,4620.247,4578.986968,2,41.26,1684.66
SMC_CHOCH,28/04/2026 13:45,28/04/2026 14:35,BUY,0.01,4586.471,4561.532339,2,-24.94,1659.72
SMC_CHOCH,28/04/2026 15:50,29/04/2026 08:35,BUY,0.01,4583.768,4560.933722,2,-22.83,1636.88
VWAP_REVERSION,29/04/2026 12:50,29/04/2026 13:20,BUY,0.02,4545.015,4538.353501,5.37,-13.32,1623.56
SMC_CHOCH,29/04/2026 14:35,29/04/2026 18:30,BUY,0.01,4540.741,4524.21001,2,-16.53,1607.03
SMC_CHOCH,29/04/2026 23:00,30/04/2026 01:25,BUY,0.01,4552.992,4579.89895,2,26.91,1633.94
SMC_CHOCH,30/04/2026 02:35,30/04/2026 06:55,SELL,0.01,4563.886,4588.585738,2,-24.7,1609.24
SMC_CHOCH,30/04/2026 10:20,30/04/2026 13:45,BUY,0.01,4634.074,4615.629657,2,-18.44,1590.79
SMC_CHOCH,30/04/2026 22:00,01/05/2026 04:45,BUY,0.01,4628.652,4610.925822,2,-17.73,1573.07
SMC_CHOCH,01/05/2026 08:35,01/05/2026 11:50,SELL,0.02,4570.183,4578.274238,2,-16.18,1556.88
SMC_CHOCH,01/05/2026 13:25,01/05/2026 13:30,SELL,0.02,4589.267,4599.135226,2,-19.74,1537.15
SMC_CHOCH,01/05/2026 15:25,01/05/2026 18:00,BUY,0.02,4636.291,4626.517883,2,-19.55,1517.6
SMC_CHOCH,04/05/2026 01:15,04/05/2026 01:55,SELL,0.01,4598.937,4611.728112,2,-12.79,1504.81
SMC_FVG,04/05/2026 04:20,04/05/2026 05:30,SELL,0.01,4609.162,4593.985255,2,15.18,1519.99
VWAP_REVERSION,04/05/2026 06:35,04/05/2026 07:55,BUY,0.02,4586.727,4578.78846,2.16,-15.88,1504.11
SMC_CHOCH,04/05/2026 10:00,05/05/2026 23:45,SELL,0.01,4560.091,4592.913597,2,-32.82,1471.29
RSI_REVERSION,05/05/2026 23:45,06/05/2026 00:20,SELL,0.01,4593.492,4600.052441,2.57,-6.56,1464.73
SMC_CHOCH,06/05/2026 01:20,06/05/2026 06:00,BUY,0.01,4623.401,4665.32468,2,41.92,1506.65
BB_BREAKOUT,06/05/2026 07:45,06/05/2026 08:50,BUY,0.02,4675.331,4690.397074,2,30.13,1536.78
SMC_CHOCH,06/05/2026 08:50,06/05/2026 12:15,BUY,0.01,4697.255,4664.576154,2,-32.68,1504.1
SMC_FVG,06/05/2026 12:35,06/05/2026 13:50,BUY,0.01,4680.442,4704.250192,2,23.81,1527.91
SMC_CHOCH,06/05/2026 14:50,07/05/2026 06:30,SELL,0.01,4701.495,4723.756259,2,-22.26,1505.65
RSI_REVERSION,07/05/2026 06:30,07/05/2026 06:35,SELL,0.02,4732.868,4739.603671,3.68,-13.47,1492.18
VWAP_REVERSION,07/05/2026 06:35,07/05/2026 06:40,SELL,0.02,4742.319,4749.617812,5.19,-14.6,1477.58
SMC_FVG,07/05/2026 08:30,07/05/2026 09:00,BUY,0.01,4737.237,4726.161097,2,-11.08,1466.51
SMC_CHOCH,07/05/2026 22:45,07/05/2026 23:50,SELL,0.01,4683.977,4704.227313,2,-20.25,1446.25
SMC_FVG,08/05/2026 00:00,08/05/2026 01:50,BUY,0.01,4702.797,4722.850461,2,20.05,1466.31
RSI_REVERSION,08/05/2026 02:00,08/05/2026 02:35,SELL,0.01,4731.36,4715.111214,1.74,16.25,1482.56
RSI_REVERSION,08/05/2026 12:10,08/05/2026 12:30,BUY,0.02,4704.633,4718.790357,1.88,28.31,1510.87
VWAP_REVERSION,08/05/2026 13:30,08/05/2026 14:00,SELL,0.02,4738.973,4747.883979,2.42,-17.82,1493.05
SMC_CHOCH,10/05/2026 22:00,11/05/2026 13:15,SELL,0.01,4686.995,4723.626676,2,-36.63,1456.42
BB_BREAKOUT,11/05/2026 16:40,11/05/2026 17:25,SELL,0.02,4711.384,4721.046702,2,-19.33,1437.09
VWAP_REVERSION,11/05/2026 22:00,11/05/2026 22:45,SELL,0.01,4740.786,4747.693208,6.02,-6.91,1430.19
SMC_CHOCH,11/05/2026 23:30,12/05/2026 01:00,BUY,0.01,4755.381,4743.193128,2,-12.19,1418
SMC_FVG,12/05/2026 01:00,12/05/2026 01:25,BUY,0.01,4743.878,4735.476547,2,-8.4,1409.6
RSI_REVERSION,12/05/2026 01:35,12/05/2026 04:50,BUY,0.01,4724.661,4716.952039,2.96,-7.71,1401.89
VWAP_REVERSION,12/05/2026 11:30,12/05/2026 12:30,BUY,0.02,4698.509,4691.418597,2.86,-14.18,1387.71
SMC_CHOCH,12/05/2026 22:00,13/05/2026 01:15,BUY,0.01,4719.804,4705.517107,2,-14.29,1373.42
VWAP_REVERSION,13/05/2026 09:20,13/05/2026 10:05,BUY,0.02,4686.875,4704.577204,2.76,35.4,1408.82
SMC_CHOCH,13/05/2026 23:00,14/05/2026 00:00,BUY,0.01,4699.041,4691.019423,2,-8.02,1400.8
SMC_CHOCH,14/05/2026 01:15,14/05/2026 04:25,SELL,0.01,4689.004,4705.558233,2,-16.55,1384.25
RSI_REVERSION,14/05/2026 04:30,14/05/2026 07:35,SELL,0.01,4709.02,4716.231279,3.43,-7.21,1377.04
VWAP_REVERSION,14/05/2026 13:40,14/05/2026 14:15,BUY,0.02,4676.757,4694.646769,2.34,35.78,1412.82
SMC_CHOCH,14/05/2026 22:25,14/05/2026 23:35,BUY,0.01,4658.971,4648.562035,2,-10.41,1402.41
RSI_REVERSION,15/05/2026 00:25,15/05/2026 00:35,BUY,0.01,4629.712,4621.865435,2.78,-7.85,1394.56
SMC_CHOCH,15/05/2026 00:45,15/05/2026 08:30,SELL,0.01,4627.473,4550.963913,2,76.51,1471.07
SMC_CHOCH,15/05/2026 09:45,15/05/2026 10:50,SELL,0.01,4537.92,4565.148038,2,-27.23,1443.84
SMC_CHOCH,15/05/2026 12:10,15/05/2026 13:45,SELL,0.01,4545.745,4512.237837,2,33.51,1477.35
VWAP_REVERSION,15/05/2026 15:30,15/05/2026 16:05,BUY,0.01,4543.579,4532.675191,2.85,-10.9,1466.45
SMC_FVG,17/05/2026 22:00,17/05/2026 23:40,BUY,0.01,4545.079,4533.650741,2,-11.43,1455.02
SMC_CHOCH,17/05/2026 23:45,18/05/2026 00:30,SELL,0.01,4537.762,4511.31161,2,26.45,1481.47
RSI_REVERSION,18/05/2026 00:30,18/05/2026 00:40,BUY,0.01,4492.352,4482.714024,3.77,-9.64,1471.83
SMC_CHOCH,18/05/2026 02:10,19/05/2026 13:20,BUY,0.01,4536.481,4509.923531,2,-26.56,1445.27
RSI_REVERSION,19/05/2026 13:20,19/05/2026 13:25,BUY,0.02,4505.143,4496.884107,3.36,-16.52,1428.75
VWAP_REVERSION,19/05/2026 13:25,19/05/2026 13:30,BUY,0.02,4492.139,4483.49986,6.22,-17.28,1411.48
SMC_CHOCH,20/05/2026 00:25,20/05/2026 01:25,BUY,0.01,4501.861,4472.67594,2,-29.19,1382.29
RSI_REVERSION,20/05/2026 01:35,20/05/2026 02:55,BUY,0.01,4467.789,4458.642321,2.7,-9.15,1373.14
SMC_CHOCH,20/05/2026 04:00,20/05/2026 14:20,BUY,0.01,4468.724,4507.357275,2,38.63,1411.78
RSI_REVERSION,20/05/2026 14:30,20/05/2026 14:55,SELL,0.02,4524.801,4533.098098,4.03,-16.59,1395.18
VWAP_REVERSION,20/05/2026 14:55,20/05/2026 15:15,SELL,0.02,4531.355,4540.541577,5.04,-18.37,1376.81
SMC_CHOCH,20/05/2026 22:15,21/05/2026 01:10,SELL,0.01,4537.728,4554.176535,2,-16.45,1360.36
SMC_CHOCH,21/05/2026 02:30,24/05/2026 23:05,SELL,0.01,4536.806,4573.999508,2,-37.19,1323.17
RSI_REVERSION,24/05/2026 23:05,24/05/2026 23:40,SELL,0.01,4572.466,4579.328132,1.96,-6.86,1316.31
SMC_FVG,25/05/2026 01:05,25/05/2026 06:05,BUY,0.01,4561.788,4551.266281,2,-10.52,1305.78
VWAP_REVERSION,25/05/2026 23:10,25/05/2026 23:30,SELL,0.01,4578.829,4564.235547,3.18,14.59,1320.38
SMC_CHOCH,25/05/2026 23:40,26/05/2026 07:15,SELL,0.01,4556.34,4522.192525,2,34.15,1354.53
VWAP_REVERSION,26/05/2026 08:25,26/05/2026 09:35,BUY,0.02,4522.529,4516.644996,2.33,-11.77,1342.76
SMC_CHOCH,26/05/2026 22:00,26/05/2026 23:30,SELL,0.01,4503.281,4514.198769,2,-10.92,1331.84
SMC_CHOCH,27/05/2026 01:35,27/05/2026 07:45,SELL,0.01,4511.989,4479.21101,2,32.78,1364.62
VWAP_REVERSION,27/05/2026 10:15,27/05/2026 10:30,BUY,0.02,4479.836,4473.774242,3.27,-12.12,1352.49
SMC_FVG,27/05/2026 12:15,27/05/2026 12:20,SELL,0.02,4447.366,4454.859604,2,-14.99,1337.51
SMC_CHOCH,27/05/2026 12:20,27/05/2026 13:05,BUY,0.01,4454.777,4421.192172,2,-33.58,1303.92
SMC_FVG,27/05/2026 14:30,27/05/2026 15:05,BUY,0.01,4440.643,4429.36624,2,-11.28,1292.65
SMC_CHOCH,27/05/2026 15:05,27/05/2026 16:30,SELL,0.01,4429.674,4449.544081,2,-19.87,1272.78
SMC_CHOCH,27/05/2026 23:05,28/05/2026 01:20,SELL,0.01,4452.454,4427.151236,2,25.3,1298.08
VWAP_REVERSION,28/05/2026 01:25,28/05/2026 01:50,BUY,0.01,4419.222,4411.149557,3.02,-8.07,1290.01
RSI_REVERSION,28/05/2026 01:50,28/05/2026 02:10,BUY,0.01,4409.294,4401.633454,3.15,-7.66,1282.34
SMC_CHOCH,28/05/2026 05:30,28/05/2026 12:55,BUY,0.01,4386.467,4433.870012,2,47.4,1329.75
VWAP_REVERSION,28/05/2026 12:55,28/05/2026 14:05,SELL,0.02,4431.962,4439.871206,4.36,-15.82,1313.93
RSI_REVERSION,28/05/2026 14:10,28/05/2026 14:15,SELL,0.01,4464.086,4472.99352,3.81,-8.91,1305.02
SMC_CHOCH,28/05/2026 16:15,29/05/2026 14:50,BUY,0.01,4496.909,4555.826238,2,58.92,1363.94
RSI_REVERSION,29/05/2026 14:55,29/05/2026 15:00,SELL,0.02,4563.997,4571.810188,2.84,-15.63,1348.31
SMC_CHOCH,01/06/2026 01:00,01/06/2026 06:35,SELL,0.01,4534.135,4502.234582,2,31.9,1380.21
VWAP_REVERSION,01/06/2026 13:10,01/06/2026 13:20,BUY,0.02,4483.901,4476.450231,3.73,-14.9,1365.31
RSI_REVERSION,01/06/2026 13:20,01/06/2026 13:50,BUY,0.02,4465.903,4458.294228,4.21,-15.22,1350.09
SMC_CHOCH,01/06/2026 14:00,01/06/2026 17:40,SELL,0.01,4454.261,4486.402452,2,-32.14,1317.95
,,,,,,,,,
,SUMMARY,,Win Rate: 34.46%,,Drawdown: 53.97%,Profit: $817.95,,Trades: 592,1317.952661
